{
	"name": "disablescreensleep",
	"text": "%1 Turn off screen blanking",
	"script": "disablescreensleep.sh",
	"args": [
		{
			"type": "menu",
			"options": ["Enable", "Disable"]
		}
	],
	"network": false,
	"continue": true,
	"type": "setting",
	"category":"setting",
	"supportedOperatingSystems": [
		"raspbian-pibakery.img",
		"raspbian-lite-pibakery.img"
	],
	"shortDescription":"Enabling prevents console screen from sleeping.",
	"longDescription":"Enabling prevents screen from sleeping. Disabling uses system default. (No point using this block if you plan on choosing Disable)"
}
