{
	"name": "lempinstall",
	"text": "Install Nginx/PHP7/MySQL\\nRequires internet connection",
	"script": "lempInstall.sh",
	"args": [],
	"network": true,
	"continue": true,
	"type": "software",
	"category":"software",
	"supportedOperatingSystems": [
		"raspbian-pibakery.img",
		"raspbian-lite-pibakery.img"
	],
	"shortDescription":"Install a full web server on your Raspberry Pi. Requires internet connection.",
	"longDescription":"Nginx is a web server, and combined with PHP and MySQL it makes for a great way for beginners to experiment with web development, and also experienced users to easily run their websites. This downloads packages from the Raspbian repository, and therefore requires an internet connection."
}
